{
    "mse": {
        "train": 0.01620604070771793,
        "test": 0.06477593563349252
    }
}
